{" d": [87718.92189835574, 89648.19473126507, 91577.46756417441, 93506.74039708375, 95436.01322999308, 97365.28606290242, 99294.55889581176], " m": [92649.42933295172, 95228.25339803593, 97807.07746312015, 100385.90152820435, 102964.72559328857, 105543.54965837278, 108122.37372345699], " u": [40359.53801674807, 41019.77715906703, 41680.01630138599, 42340.255443704955, 43000.49458602392, 43660.73372834288, 44320.97287066184], " ue": [104400.0, 104232.0, 104064.0, 103896.0, 103728.0, 103560.0, 103392.0], " uw": [98410.0, 99154.0, 99898.0, 100642.0, 101386.0, 102130.0, 102874.0]}